date_added,business,niche,area,website,contact_name,contact_channel,opener_finding,status,first_touch_date,bump_date,audit_requested_date,audit_sent_date,outcome,quoted,notes
2026-07-28,Rees Russell LLP,services — chartered accountants,Witney,https://reesrussell.co.uk/,,witney@reesrussell.co.uk,"The homepage takes nearly 3 seconds to deliver its HTML on every visit — slow before anything even starts to appear — and the footer is stuck on 2024",prospect,,,,,,,"Verified 2026-07-28: 8/8 fetches took 2.6-2.9s for the HTML document alone; © 2024 footer. An earlier automated check reported the site once serving another business's page, but this was NOT reproducible and has no saved evidence — do not use that claim in outreach; re-verified 2026-08-20: 4/4 fetches 2.83-2.95s total to deliver the 227KB HTML (TTFB ~1.8s), © 2024 still there — valid"
2026-07-28,The Hollybush,food & drink — pub,Witney,https://www.hollybushwitney.com/,,Facebook/phone — website is down,"Website completely unreachable (broken DNS) while the pub is trading and recently named Best Pub in Oxfordshire — every Google/Tripadvisor click-through hits a dead end",prospect,,,,,,,"DNS SERVFAIL on two resolvers; urgent 'your site is down' opener, contact via their Facebook page or in person; re-verified 2026-08-20: still SERVFAIL on 1.1.1.1 and 8.8.8.8 — down at least 3 weeks now, opener stronger (glance at their Facebook first in case they've already announced a fix or new site)"
2026-07-28,Witney Podiatry Centre,clinic — podiatrist,Witney,https://www.witneypodiatry.com,Jo Vadher (new practitioner),phone 01993 225092 (on website),"Homepage is the site's leftover 'Covid_19' page, now announcing the clinic re-opening under new practitioner Jo Vadher — it literally says her own website is coming soon, and the current site doesn't work on phones",prospect,,,,,,,"Title tag is 'Covid_19'; no viewport meta; NetObjects Fusion build; no email or booking, phone only; re-verified 2026-08-20: title now 'Witney Podiatry' (no longer 'Covid_19') and homepage content changed to a re-opening notice — 'Jo will have her own website here soon' / 'speak with Jo directly on 01993 225092'. Warm lead: she explicitly needs a site. Opener + contact updated; still NetObjects, still no viewport meta"
2026-07-28,Eynsham Dental Care,clinic — dentist,Eynsham,https://www.eynshamdentalcare.com,,phone (on website),"A broken web-developer test link is live in the site menu, and there's no online booking or email — patients can only phone",prospect,,,,,,,"Dev-server URL (daphnis.wbnusystem.net) leaked into production nav; keyword-list title tag; jQuery 2014; re-verified 2026-08-20: daphnis.wbnusystem.net 'Read more...' link still live on the homepage, still no online booking and no email link — valid"
2026-07-28,Pokhara Delight,food & drink — Nepalese/Indian restaurant,Witney,https://pokharadelightwitney.co.uk/,,pokharadelicious@gmail.com,"In August the homepage still promotes a Christmas menu — a 19.7MB PDF from 2021 whose filename appears to belong to a different restaurant",prospect,,,,,,,"menus/gaetanos_christmas_menu.pdf, created Oct 2021, 19.7MB download; re-verified 2026-08-20: PDF still linked from homepage, size confirmed 19,737,808 bytes — valid (opener month updated July→August)"
2026-07-28,Corn Street Dental Practice,clinic — dentist,Witney,https://www.cornstreetdental.co.uk,,dentist@cornstdental.co.uk,"Website untouched since 2019 on 2011-era code, with no way for patients to book online",prospect,,,,,,,"© 2019 footer; jQuery 1.5 (2011); no booking link anywhere in nav crawl; re-verified 2026-08-20: © 2019 footer, jQuery 1.5.0, no booking — all confirmed"
2026-07-28,Witney Dental Practice,clinic — dentist,Witney,https://witneydentalpractice.com,Stephanie Jansen,enquiries@witneydentalpractice.co.uk,"Google listing reads as a garbled keyword-stuffed title ('Witney dental practice • Dentist Witney Oxford Witney dental practice') and the news page is a 404",prospect,,,,,,,"WordPress ~18 months out of date (6.7.1 exposed); /news/ returns 404; re-verified 2026-08-20: garbled title, WordPress 6.7.1 generator, /news/ 404 — all confirmed"
2026-07-28,Woodstock Osteopathic Clinic,clinic — osteopath,Woodstock,https://woodstockosteopathicclinic.com,Natalia Beddoe,nataliabeddoe@gmail.com,"Footer says copyright 2018 on a basic GoDaddy template, and the only contact is a personal Gmail address — looks abandoned to new patients",prospect,,,,,,,"GoDaddy Website Builder generator meta; © 2018; re-verified 2026-08-20: © 2018 footer, GoDaddy Website Builder 8.0 generator, nataliabeddoe@gmail.com contact — all confirmed"
2026-07-28,G&O Engineers Ltd,trades — plumbing & heating,Witney,http://www.gandoengineers.co.uk/,,info@gandoengineers.co.uk,"Typing their web address still lands on the insecure version flagged 'Not secure' — a working secure copy exists but the site never redirects anyone to it — and their Google listing just says 'Home'",prospect,,,,,,,"No HTTPS redirect; title tag literally 'Home'; personal hotmail also exposed in HTML; re-verified 2026-08-20: HTTPS now serves 200 with a valid cert (changed since July) but http:// still never redirects; title 'Home' and hotmail exposure confirmed — opener reworded, and draft #3 in drafts/2026-07-28-first-touch.md needs the same rework before sending"
2026-07-28,Nick Jones Painter and Decorator,trades — painter & decorator,Witney,https://nickjonesdecorating.co.uk/,Nick Jones,phone/WhatsApp 07540 659441,"Page title is completely blank so the business shows up nameless in Google, and the contact page has no email or form — phone only",prospect,,,,,,,"Empty <title></title> in source; /contact/ returns 'Page not found'; re-verified 2026-08-20: empty title and /contact/ 404 confirmed; homepage also slow (~2.1s to first byte)"
2026-07-28,Halls Gardening Services,trades — gardener/landscaper,Witney,https://www.hallsgardeningservices.co.uk/,,info@hallsgardeningservices.co.uk,"Footer says copyright 2017 — nine years out of date — making the business look possibly closed, on a slow-loading page",prospect,,,,,,,"© 2017 footer; 375KB HTML (Wix); re-verified 2026-08-20: © 2017 footer, Wix generator, 379KB HTML — all confirmed"
2026-07-28,Practical Roofing,trades — roofing contractor,Witney,https://witneyroofer.co.uk/,,info@witneyroofer.co.uk,"Nearly all the page text is baked into over 2MB of image files, so the site is slow and Google can't read what they offer",prospect,,,,,,,"12 content PNGs totalling 2.38MB with heading text baked in; re-verified 2026-08-20: now 6 large content PNGs, ~2.3MB total PNG weight — opener adjusted from '2.4MB' to 'over 2MB'; draft #2 says 'about 2.4MB' which is still roughly right but trim to 'over 2MB' when sending"
2026-07-28,HeartWood Furniture,trades — bespoke joinery,Witney,https://www.heartwoodfurniture.co.uk/,,sales@heartwoodfurniture.co.uk,"Their visitor tracking died in 2023 (defunct Universal Analytics tag) so they've had zero enquiry data for three years, on an Internet-Explorer-era template",prospect,,,,,,,"UA-1553997-11 gtag (UA shut down July 2023); IE6/7/8 conditional comments in HTML; re-verified 2026-08-20: dead UA-1553997-11 tag and IE conditional comments still present; footer year is dynamic (shows 2026) so avoid any footer-year claim"
2026-07-28,TDR Driving School,services — driving school,Witney,http://tdrdriving.co.uk/,Tom,tom@tdrdriving.co.uk,"Runs on a decade-old unsupported WordPress over an insecure connection — flagged 'Not secure' to every learner who visits",prospect,,,,,,,"WordPress 4.6 (2016) generator meta; no HTTPS (mismatched shared cert on 443); re-verified 2026-08-20: WordPress 4.6.29 generator, https cert mismatch (CN=*.secure-secure.co.uk) — confirmed"
2026-07-28,The Laurels Guest House,venue — B&B/guesthouse,Witney,http://www.thelaurelsguesthouse.co.uk/,,info@thelaurelsguesthouse.co.uk,"No secure (https) version of the site exists at all and it hasn't been touched since 2017 — no availability or online booking either",prospect,,,,,,,"Port 443 unreachable; © 2017; built in discontinued Adobe Muse; title tag 'Home'; re-verified 2026-08-20: © 2017, Muse generator (2017.0.3.363), title 'Home' confirmed; port 443 now accepts connections but the TLS handshake fails — still no working https, opener stands"
2026-07-28,Freeland Nurseries,services — plant nursery,Freeland nr Witney,https://freelandnurseries.wordpress.com/,,freeland.nurseries@tiscali.co.uk,"Only web presence is a free wordpress.com blog showing third-party adverts, with homepage news dated 2013 — customers can't tell it's still open",prospect,,,,,,,"Free subdomain, WordPress.com ads program banner; lead post Feb 2013; trading per 2026 listings + active Facebook; re-verified 2026-08-20: lead post still dated 2013-02-16, wordpress.com ads markers present — confirmed"
2026-07-28,CrossFit Habitat,services — gym,Carterton,https://crossfithabitat.co.uk/,,info@crossfithabitat.co.uk,"Homepage loads over 3MB of images — including a single 2MB PNG — so on mobile data (how most people find a gym) it feels painfully slow, which costs sign-ups",prospect,,,,,,,"1.24MB HTML alone; 3.1MB unoptimised PNG on Squarespace CDN; 71 asset references; re-verified 2026-08-20: site slimmed since July — HTML now 319KB (was 1.24MB), biggest PNG 2.1MB (was 3.1MB), top 5 images still ~3.1MB — opener reworded with current numbers; someone is actively editing this site, re-check just before sending"
2026-07-28,San Marzano,food & drink — Italian restaurant,Witney,https://www.sanmarzanowitney.co.uk/,,info@sanmarzanowitney.co.uk,"A 4.8-rated restaurant whose homepage is nearly a megabyte of HTML alone — 92 inline style blocks — so it feels sluggish on mobile, and the footer is stuck on 2023",prospect,,,,,,,"1.97MB HTML, 92 inline style blocks, 48 scripts; #4 of 110 in Witney on Tripadvisor; re-verified 2026-08-20: HTML halved to 982KB (was 1.97MB), scripts 48→19, 92 style blocks and © 2023 footer confirmed — opener numbers updated; site being tinkered with, re-check just before sending"
2026-07-28,The White Hart,food & drink — pub with rooms,Eynsham,https://thewhiteharteynsham.co.uk/,,thewhiteharteynsham@outlook.com,"A food pub with no menu anywhere on the site, and a room-booking button that's a pasted Booking.com session link (paying commission) instead of direct booking",prospect,,,,,,,"Zero menu pages in nav; Booking.com URL with embedded session params; footer '© Copyright All right reserved' typo; re-verified 2026-08-20: still no menu page in nav, Booking.com session/affiliate link confirmed; bonus finding: the table-reservation link points at sister pub The Red Lion's TableAgent page, not the White Hart's"
2026-07-28,The Highway Inn,food & drink — inn with rooms,Burford,https://www.highwayburford.com/,,highway@bullsaye.co.uk,"Page title is the single word 'Highway' — invisible to anyone Googling 'pub Burford' — on a 1.1MB homepage, and the old domain throws an SSL error",prospect,,,,,,,"<title>Highway</title>; 1.6MB HTML; legacy thehighwayinn.co.uk fails HTTPS before redirecting; re-verified 2026-08-20: title 'Highway' and legacy-domain TLS failure confirmed; homepage HTML now 1.11MB (was 1.6MB) — opener number updated"
